company,round1_layoffs,round2_layoffs,headcount_difference,round1_date,round2_date
Amazon,150,10000,9850,2022-10-28,2022-11-16
Better.com,900,3000,2100,2021-12-01,2022-03-08
Philips,4000,6000,2000,2022-10-24,2023-01-30
PayPal,83,2000,1917,2022-05-23,2023-01-31
Crypto.com,260,2000,1740,2022-06-10,2022-10-06
Stripe,50,1000,950,2022-08-19,2022-11-03
Wayfair,870,1750,880,2022-08-19,2023-01-20
OneTrust,150,950,800,2020-04-09,2022-06-09
Rivian,40,840,800,2020-06-02,2022-07-27
Twilio,800,1500,700,2022-09-14,2023-02-13
Infarm,50,500,450,2022-09-14,2022-11-28
Robinhood,340,713,373,2022-04-26,2022-08-02
Gopuff,100,450,350,2022-01-26,2022-03-29
Playtika,250,600,350,2022-05-31,2022-12-09
Swiggy,800,1100,300,2020-04-21,2020-05-18
Nuro,7,300,293,2022-07-13,2022-11-18
Ebanx,62,340,278,2020-05-27,2022-06-21
Okta,24,300,276,2022-08-26,2023-02-02
Wix,100,370,270,2022-08-09,2023-02-15
Zendesk,80,350,270,2022-08-04,2022-11-07
Splunk,70,325,255,2020-06-16,2023-02-01
Sema4,250,500,250,2022-08-15,2022-11-14
Gorillas,300,540,240,2022-05-24,2022-07-03
Redfin,236,470,234,2020-04-07,2022-06-14
Upstart,140,365,225,2022-11-01,2023-01-31
Vedantu,200,424,224,2022-05-05,2022-05-18
Cue,170,388,218,2022-06-27,2023-01-05
Kry,100,300,200,2022-05-17,2022-10-31
Udaan,180,350,170,2022-06-27,2022-11-04
Snyk,30,198,168,2022-06-30,2022-10-24
LivePerson,30,193,163,2020-11-01,2022-09-15
"Beyond Meat",40,200,160,2022-08-03,2022-10-14
Katerra,240,400,160,2020-04-02,2020-06-29
Innovaccer,90,245,155,2022-09-01,2023-01-24
SoundHound,45,200,155,2022-11-10,2023-01-05
Intel,201,343,142,2022-12-06,2023-01-30
Neon,70,210,140,2020-04-13,2023-02-15
"New Relic",20,160,140,2020-06-29,2021-04-06
RenoRun,70,210,140,2022-08-04,2022-10-27
Fundbox,14,150,136,2020-06-02,2022-10-25
TaskUs,52,186,134,2022-06-21,2023-02-22
Pollen,69,200,131,2020-05-19,2022-05-10
Netflix,25,150,125,2022-04-28,2022-05-17
Pipedrive,31,143,112,2020-05-05,2022-11-14
Hopin,138,242,104,2022-02-10,2022-07-11
Cybereason,100,200,100,2022-06-01,2022-10-26
Flyhomes,200,300,100,2022-07-20,2022-11-09
"Vox Media",39,130,91,2022-07-27,2023-01-20
OneFootball,62,150,88,2022-12-09,2023-02-23
Unity,200,284,84,2022-06-29,2023-01-17
"Velodyne Lidar",140,220,80,2020-04-03,2023-02-24
GoDaddy,451,530,79,2020-06-24,2023-02-08
TripleLift,23,100,77,2020-04-02,2023-02-10
Compass,375,450,75,2020-03-23,2022-06-14
Brex,62,136,74,2020-05-29,2022-10-11
Clutch,76,150,74,2022-06-29,2023-01-17
QuintoAndar,88,160,72,2020-04-17,2022-04-19
Hubilo,45,115,70,2022-07-12,2023-01-19
Vroom,270,337,67,2022-05-09,2022-08-08
Clearco,60,125,65,2022-06-06,2022-07-29
AvantStay,80,144,64,2022-06-29,2022-11-09
Electric,81,141,60,2022-08-30,2023-02-13
Unico,50,110,60,2022-10-24,2023-01-17
Zilingo,44,100,56,2020-04-17,2020-07-09
"Komodo Health",23,78,55,2020-04-20,2022-12-13
ThirdLove,10,65,55,2020-03-27,2020-04-02
Alice,63,113,50,2022-07-11,2022-12-09
"Argo AI",100,150,50,2020-06-29,2022-07-07
"Chipper Cash",50,100,50,2022-12-06,2023-02-17
"Integral Ad Science",70,120,50,2020-05-14,2022-12-07
Sprinklr,50,100,50,2022-06-22,2023-02-15
WeWork,250,300,50,2020-03-28,2020-04-29
Skillz,21,70,49,2020-04-14,2022-05-20
"Lambda School",19,65,46,2020-04-21,2021-04-29
SalesLoft,55,100,45,2020-05-07,2023-02-07
"Aqua Security",24,65,41,2020-04-01,2022-12-05
IronNet,55,90,35,2022-06-22,2022-06-22
Socure,69,104,35,2022-06-17,2023-01-05
Gokada,20,54,34,2022-11-14,2023-01-31
"Pear Therapeutics",25,59,34,2022-07-25,2022-11-14
Ribbon,136,170,34,2022-07-28,2022-11-14
UiPath,210,241,31,2022-06-27,2022-11-15
"Kitty Hawk",70,100,30,2020-06-03,2022-09-21
Salsify,60,90,30,2020-04-03,2022-11-16
WanderJaunt,56,85,29,2020-03-25,2022-07-01
Brighte,30,58,28,2022-06-20,2022-09-09
Truepill,150,175,25,2022-06-08,2022-08-11
PeerStreet,51,75,24,2020-03-30,2022-05-25
Sendy,30,54,24,2022-08-02,2022-08-02
"Built In",28,50,22,2020-04-10,2022-10-05
"Ethos Life",18,40,22,2020-06-05,2022-06-24
Wheel,35,56,21,2022-08-18,2023-02-01
Bitso,80,100,20,2022-05-26,2022-11-29
Blend,200,220,20,2022-04-19,2022-08-15
Shopify,30,50,20,2020-08-14,2022-07-06
Swyftx,74,90,16,2022-08-17,2022-12-05
Mejuri,36,50,14,2020-04-09,2022-08-05
Outschool,31,43,12,2022-07-05,2022-12-10
2TM,90,100,10,2022-06-01,2022-09-01
Bounce,120,130,10,2020-03-19,2020-06-29
Intercom,39,49,10,2020-05-20,2022-09-07
McMakler,90,100,10,2022-07-26,2022-10-24
Outreach,60,70,10,2022-08-02,2023-02-27
Quantcast,30,40,10,2020-04-08,2022-07-29
"The Zebra",40,50,10,2022-05-24,2022-11-15
ConsenSys,91,100,9,2020-04-20,2023-01-10
DocuSign,671,680,9,2022-09-28,2023-02-16
Genesis,52,60,8,2022-08-17,2023-01-05
"Mode Analytics",17,25,8,2020-05-13,2022-09-12
Patreon,30,36,6,2020-04-21,2021-04-26
Balto,30,35,5,2022-06-22,2022-12-12
"Bustle Digital Group",19,24,5,2020-04-03,2020-04-03
Noom,495,500,5,2022-04-29,2022-10-11
"Lighter Capital",18,22,4,2020-04-24,2020-07-20
Veriff,63,66,3,2020-05-04,2023-02-09
Bonsai,29,30,1,2022-04-26,2022-06-20
Food52,20,21,1,2022-04-08,2022-06-03
"On Deck",72,73,1,2022-05-05,2022-08-04
Vee,16,17,1,2022-07-31,2022-10-25
Bytedance,1800,1800,0,2021-01-27,2021-08-05
Lightico,20,20,0,2022-03-31,2023-02-05
Loft,47,47,0,2020-03-27,2020-04-17
MakeMyTrip,350,350,0,2020-06-01,2020-08-31
Nate,30,30,0,2022-06-30,2022-08-30
Oda,70,70,0,2022-11-01,2022-11-01
Smava,100,100,0,2022-08-31,2022-11-02
Equitybee,25,24,-1,2022-10-31,2023-02-08
ShareChat,101,100,-1,2020-05-20,2022-12-02
Lattice,16,13,-3,2020-05-15,2022-10-27
Namogoo,25,20,-5,2022-11-09,2023-01-23
"The RealReal",235,230,-5,2020-04-14,2023-02-16
Cameo,87,80,-7,2022-05-04,2022-11-09
"Zeus Living",80,73,-7,2020-03-24,2020-05-12
TheSkimm,26,17,-9,2020-05-01,2023-02-01
Loom,34,23,-11,2022-06-01,2022-10-20
Chrono24,80,65,-15,2022-12-08,2023-01-30
FrontRow,145,130,-15,2022-05-27,2022-10-12
Deliveroo,367,350,-17,2020-04-28,2023-02-09
"The Predictive Index",59,40,-19,2020-04-02,2022-08-02
Bizzabo,120,100,-20,2022-07-05,2022-12-01
Foodpanda,80,60,-20,2022-05-26,2022-09-07
LEAD,80,60,-20,2022-08-04,2023-01-10
RingCentral,50,30,-20,2022-08-04,2023-01-17
StockX,100,80,-20,2020-04-23,2022-06-28
Trax,120,100,-20,2020-05-03,2022-06-20
Zoox,120,100,-20,2020-04-03,2020-04-13
Inspirato,130,109,-21,2020-03-16,2023-01-18
Thinkific,100,76,-24,2022-03-29,2023-01-10
Clari,45,20,-25,2022-08-31,2023-02-06
EasyPost,75,50,-25,2020-03-11,2020-04-13
Huobi,300,275,-25,2022-06-28,2023-01-06
RealSelf,40,11,-29,2020-04-21,2022-07-21
Latch,60,30,-30,2020-04-02,2022-05-10
Kitopi,124,93,-31,2020-04-29,2022-11-21
Gemini,100,68,-32,2022-06-02,2022-07-18
Leafly,91,56,-35,2020-03-23,2022-10-18
"Rad Power Bikes",100,63,-37,2022-04-12,2022-07-21
"Career Karma",60,22,-38,2022-07-28,2023-01-12
Blockchain.com,150,110,-40,2022-07-21,2023-01-12
Metromile,100,60,-40,2020-04-06,2022-07-28
Wish,190,150,-40,2022-03-01,2023-01-31
Zymergen,120,80,-40,2021-09-23,2022-07-25
MasterClass,120,79,-41,2022-06-22,2023-03-02
8x8,200,155,-45,2022-10-04,2023-01-18
Monzo,165,120,-45,2020-04-09,2020-06-03
"Carbon Health",250,200,-50,2022-06-02,2023-01-06
Meesho,200,150,-50,2020-04-08,2022-04-11
Notarize,110,60,-50,2022-06-15,2022-10-31
Opendoor,600,550,-50,2020-04-15,2022-11-02
iRobot,140,85,-55,2022-08-05,2023-02-13
ChowNow,100,40,-60,2022-07-13,2022-12-14
Doma,310,250,-60,2022-05-10,2022-08-04
Houzz,155,95,-60,2020-04-21,2022-12-07
Voi,100,35,-65,2020-04-02,2022-06-22
Glossier,150,80,-70,2020-08-07,2022-01-26
Homie,119,40,-79,2022-02-14,2022-10-04
Thumbtack,250,160,-90,2020-03-30,2022-12-13
AppGate,130,34,-96,2022-07-21,2023-02-01
GoStudent,200,100,-100,2022-09-08,2022-12-14
"Tier Mobility",180,80,-100,2022-08-23,2023-01-25
Knotel,127,20,-107,2020-03-27,2020-10-29
Cerebral,400,285,-115,2022-10-24,2023-02-27
"Clear Capital",378,250,-128,2022-10-14,2023-01-25
DataRobot,200,70,-130,2020-03-27,2022-05-11
Rupeek,180,50,-130,2022-06-07,2022-09-07
Sonder,400,250,-150,2020-03-24,2022-06-08
FarEye,250,90,-160,2022-06-10,2023-02-03
Ritual,196,23,-173,2020-04-02,2022-06-22
Bolt,240,50,-190,2022-05-25,2023-01-24
"Root Insurance",330,137,-193,2022-01-20,2022-11-09
Everlane,227,30,-197,2020-03-27,2023-01-05
"Delivery Hero",300,100,-200,2021-12-22,2022-11-03
Loggi,500,300,-200,2022-08-08,2023-02-06
"Lending Club",460,225,-235,2020-04-21,2023-01-12
Bird,406,138,-268,2020-03-27,2022-06-07
MindBody,700,400,-300,2020-04-02,2022-10-26
Hootsuite,400,50,-350,2022-08-09,2022-11-01
OYO,500,150,-350,2020-04-25,2020-05-01
Ola,1400,1000,-400,2020-05-20,2022-07-29
Eventbrite,500,80,-420,2020-04-08,2023-02-28
Zomato,520,100,-420,2020-05-15,2022-11-19
Shutterfly,800,360,-440,2021-01-25,2023-01-25
Juul,900,400,-500,2020-05-05,2022-11-10
Klarna,700,100,-600,2022-05-23,2022-09-22
CureFit,800,120,-680,2020-05-04,2020-07-17
Uber,3700,3000,-700,2020-05-06,2020-05-18
Unacademy,1000,150,-850,2022-04-07,2022-06-18
Salesforce,1000,90,-910,2020-08-26,2022-10-13
Lyft,982,60,-922,2020-04-29,2022-07-20
Yelp,1000,63,-937,2020-04-09,2020-07-13
Byju's,2500,1500,-1000,2022-10-12,2023-02-02
Carvana,2500,1500,-1000,2022-05-10,2022-11-18
Coinbase,1100,60,-1040,2022-06-14,2022-11-10
"Stitch Fix",1400,330,-1070,2020-06-01,2022-06-09
"WhiteHat Jr",1800,300,-1500,2021-01-06,2022-06-28
Zillow,2000,300,-1700,2021-11-02,2022-10-26
Airbnb,1900,30,-1870,2020-05-05,2023-03-03
Peloton,2800,784,-2016,2022-02-08,2022-08-12
Groupon,2800,500,-2300,2020-04-13,2022-08-08
Twitter,3700,40,-3660,2022-11-04,2023-01-05
