company,current_layoff_date,previous_layoff_date,days_between_layoffs,total_laid_off
2TM,2022-09-01,2022-06-01,92,100
8x8,2023-01-18,2022-10-04,106,155
Affirm,2023-02-08,2022-11-03,97,500
Airbnb,2023-03-03,2020-05-05,1032,30
Airlift,2022-07-12,2022-05-25,48,NULL
Alice,2022-12-09,2022-07-11,151,113
Amazon,2022-11-16,2022-10-28,19,10000
Amazon,2023-01-04,2022-11-16,49,8000
Amount,2023-02-27,2022-06-27,245,130
Appgate,2023-02-01,2022-07-21,195,34
"Aqua Security",2022-12-05,2020-04-01,978,65
"Argo AI",2022-07-07,2020-06-29,738,150
"Argo AI",2022-10-26,2022-07-07,111,173
"Argo AI",2022-11-01,2022-10-26,6,259
Arrival,2023-01-30,2022-07-13,201,800
Astra,2022-11-08,2020-04-05,947,NULL
AvantStay,2022-11-09,2022-06-29,133,144
Balto,2022-12-12,2022-06-22,173,35
Better.com,2022-03-08,2021-12-01,97,3000
Betterfly,2023-01-18,2022-08-11,160,NULL
"Beyond Meat",2022-10-14,2022-08-03,72,200
Bird,2022-06-07,2020-03-27,802,138
BitMEX,2022-11-02,2022-04-04,212,NULL
Bitso,2022-11-29,2022-05-26,187,100
Bizzabo,2022-12-01,2022-07-05,149,100
Blend,2022-08-15,2022-04-19,118,220
Blend,2022-11-10,2022-08-15,87,100
Blend,2023-01-10,2022-11-10,61,340
Blockchain.com,2023-01-12,2022-07-21,175,110
BlockFi,2022-11-28,2022-06-13,168,NULL
Bolt,2023-01-24,2022-05-25,244,50
Bonsai,2022-06-20,2022-04-26,55,30
"Bossa Nova",2020-11-02,2020-06-29,126,NULL
Bounce,2020-06-29,2020-03-19,102,130
Bounce,2021-02-22,2020-06-29,238,200
Bounce,2023-01-06,2021-02-22,683,40
Brex,2022-10-11,2020-05-29,865,136
Brighte,2022-09-09,2022-06-20,81,58
"Built In",2022-10-05,2020-04-10,908,50
"Bustle Digital Group",2020-04-03,2020-04-03,0,19
"Bustle Digital Group",2023-02-01,2020-04-03,1034,NULL
"Butterfly Network",2023-01-04,2022-08-02,155,NULL
Byju's,2023-02-02,2022-10-12,113,1500
Bytedance,2021-08-05,2021-01-27,190,1800
Bytedance,2022-06-17,2021-08-05,316,150
ByteDance,2023-01-03,2022-06-17,200,NULL
Cameo,2022-11-09,2022-05-04,189,80
Capitolis,2022-11-18,2022-11-17,1,NULL
"Carbon Health",2023-01-06,2022-06-02,218,200
"Career Karma",2023-01-12,2022-07-28,168,22
Carta,2023-01-11,2020-04-15,1001,NULL
Carvana,2022-11-18,2022-05-10,192,1500
Cerebral,2023-02-27,2022-10-24,126,285
"Chipper Cash",2023-02-17,2022-12-06,73,100
ChowNow,2022-12-14,2022-07-13,154,40
Chrono24,2023-01-30,2022-12-08,53,65
Clari,2023-02-06,2022-08-31,159,20
"Clear Capital",2023-01-25,2022-10-14,103,250
Clearco,2022-07-29,2022-06-06,53,125
ClearCo,2023-01-16,2022-07-29,171,50
Clutch,2023-01-17,2022-06-29,202,150
Code42,2022-11-07,2020-04-09,942,NULL
Coinbase,2022-11-10,2022-06-14,149,60
Coinbase,2023-01-10,2022-11-10,61,950
CommonBond,2022-09-09,2022-05-13,119,NULL
Compass,2022-06-14,2020-03-23,813,450
Compass,2022-09-20,2022-06-14,98,271
ConsenSys,2023-01-10,2020-04-20,995,100
Convoy,2022-06-09,2020-04-23,777,90
Crypto.com,2022-10-06,2022-06-10,118,2000
Cue,2023-01-05,2022-06-27,192,388
Curefit,2020-07-17,2020-05-04,74,120
Cybereason,2022-10-26,2022-06-01,147,200
"Daily Harvest",2022-08-08,2022-02-10,179,NULL
"Dapper Labs",2023-02-23,2022-11-02,113,NULL
DataRobot,2022-05-11,2020-03-27,775,70
DataRobot,2022-08-23,2022-05-11,104,NULL
Deliveroo,2023-02-09,2020-04-28,1017,350
"Delivery Hero",2022-11-03,2021-12-22,316,100
"Delivery Hero",2023-01-30,2022-11-03,88,156
"Divvy Homes",2022-09-27,2020-03-25,916,40
DocuSign,2023-02-16,2022-09-28,141,680
Doma,2022-08-04,2022-05-10,86,250
Doma,2022-12-06,2022-08-04,124,515
Domio,2020-11-18,2020-03-31,232,NULL
EasyPost,2020-04-13,2020-03-11,33,50
Ebanx,2022-06-21,2020-05-27,755,340
Electric,2023-02-13,2022-08-30,167,141
Equitybee,2023-02-08,2022-10-31,100,24
Esper,2023-01-10,2022-06-23,201,NULL
"Ethos Life",2022-06-24,2020-06-05,749,40
"Ethos Life",2023-02-21,2022-06-24,242,50
Eventbrite,2023-02-28,2020-04-08,1056,80
Everlane,2023-01-05,2020-03-27,1014,30
FarEye,2023-02-03,2022-06-10,238,90
Flyhomes,2022-11-09,2022-07-20,112,300
Food52,2022-06-03,2022-04-08,56,21
Foodpanda,2022-09-07,2022-05-26,104,60
Forward,2022-07-11,2020-04-20,812,NULL
Freshly,2022-12-12,2022-07-18,147,329
FrontRow,2022-10-12,2022-05-27,138,130
Fundbox,2022-10-25,2020-06-02,875,150
Gemini,2022-07-18,2022-06-02,46,68
Gemini,2023-01-23,2022-07-18,189,NULL
Genesis,2023-01-05,2022-08-17,141,60
Getaround,2023-02-02,2020-03-27,1042,NULL
Getir,2023-02-02,2022-05-25,253,100
Glossier,2022-01-26,2020-08-07,537,80
Glossier,2022-08-02,2022-01-26,188,19
GoDaddy,2023-02-08,2020-06-24,959,530
Gokada,2023-01-31,2022-11-14,78,54
Gopuff,2022-03-29,2022-01-26,62,450
Gopuff,2022-07-12,2022-03-29,105,1500
Gopuff,2022-10-19,2022-07-12,99,250
Gorillas,2022-07-03,2022-05-24,40,540
GoStudent,2022-12-14,2022-09-08,97,100
Groupon,2022-08-08,2020-04-13,847,500
Groupon,2023-01-30,2022-08-08,175,500
Homeward,2022-11-16,2022-08-10,98,NULL
Homie,2022-10-04,2022-02-14,232,40
Hootsuite,2022-11-01,2022-08-09,84,50
Hootsuite,2023-01-18,2022-11-01,78,70
Hopin,2022-07-11,2022-02-10,151,242
Hopin,2022-11-16,2022-07-11,128,NULL
Houzz,2022-12-07,2020-04-21,960,95
Hubilo,2023-01-19,2022-07-12,191,115
Huobi,2023-01-06,2022-06-28,192,275
Hydrow,2023-01-19,2022-07-18,185,30
Immutable,2023-02-22,2022-07-26,211,NULL
Infarm,2022-11-28,2022-09-14,75,500
Innovaccer,2023-01-24,2022-09-01,145,245
Inspirato,2023-01-18,2020-03-16,1038,109
"Integral Ad Science",2022-12-07,2020-05-14,937,120
Intel,2023-01-30,2022-12-06,55,343
Intercom,2022-09-07,2020-05-20,840,49
Intercom,2022-11-14,2022-09-07,68,124
InVision,2022-07-21,2021-10-05,289,NULL
iRobot,2023-02-13,2022-08-05,192,85
IronNet,2022-06-22,2022-06-22,0,90
Jellysmack,2023-02-15,2022-06-09,251,208
JetClosing,2022-06-15,2020-04-27,779,NULL
Juul,2022-11-10,2020-05-05,919,400
Kaltura,2023-01-04,2022-08-09,148,75
Katerra,2020-06-29,2020-04-02,88,400
Katerra,2021-06-01,2020-06-29,337,2434
Kitopi,2022-11-21,2020-04-29,936,93
"Kitty Hawk",2022-09-21,2020-06-03,840,100
Klarna,2022-09-22,2022-05-23,122,100
Knotel,2020-10-29,2020-03-27,216,20
Koho,2023-02-08,2022-11-17,83,NULL
"Komodo Health",2022-12-13,2020-04-20,967,78
Kry,2022-10-31,2022-05-17,167,300
"Lambda School",2021-04-29,2020-04-21,373,65
Latch,2022-05-10,2020-04-02,768,30
Latch,2022-05-20,2022-05-10,10,130
Latch,2022-08-02,2022-05-20,74,115
Lattice,2022-10-27,2020-05-15,895,13
Lattice,2023-01-12,2022-10-27,77,NULL
LEAD,2023-01-10,2022-08-04,159,60
Leafly,2022-10-18,2020-03-23,939,56
"Lending Club",2023-01-12,2020-04-21,996,225
Lendis,2022-12-21,2022-07-04,170,NULL
"Lighter Capital",2020-07-20,2020-04-24,87,22
Lightico,2023-02-05,2022-03-31,311,20
LivePerson,2022-09-15,2020-11-01,683,193
Loft,2020-04-17,2020-03-27,21,47
Loft,2022-04-19,2020-04-17,732,159
Loft,2022-07-05,2022-04-19,77,384
Loft,2022-12-07,2022-07-05,155,312
Loft,2023-03-03,2022-12-07,86,340
Loggi,2023-02-06,2022-08-08,182,300
Loom,2022-10-20,2022-06-01,141,23
Lyft,2022-07-20,2020-04-29,812,60
Lyft,2022-11-03,2022-07-20,106,700
MakeMyTrip,2020-08-31,2020-06-01,91,350
MasterClass,2023-03-02,2022-06-22,253,79
McMakler,2022-10-24,2022-07-26,90,100
Medly,2022-09-07,2022-08-04,34,NULL
Medly,2023-02-08,2022-09-07,154,NULL
Meesho,2022-04-11,2020-04-08,733,150
Meesho,2022-08-29,2022-04-11,140,300
Mejuri,2022-08-05,2020-04-09,848,50
Metromile,2022-07-28,2020-04-06,843,60
MindBody,2022-10-26,2020-04-02,937,400
"Mode Analytics",2022-09-12,2020-05-13,852,25
Momentive,2023-02-15,2022-10-10,128,NULL
Monzo,2020-06-03,2020-04-09,55,120
Namogoo,2023-01-23,2022-11-09,75,20
Nate,2022-08-30,2022-06-30,61,30
Nearmap,2023-02-08,2020-04-22,1022,NULL
Neon,2023-02-15,2020-04-13,1038,210
Netflix,2022-05-17,2022-04-28,19,150
Netflix,2022-06-23,2022-05-17,37,300
Netflix,2022-09-14,2022-06-23,83,30
"New Relic",2021-04-06,2020-06-29,281,160
"New Relic",2022-08-18,2021-04-06,499,110
NextRoll,2022-09-15,2022-07-08,69,NULL
Noom,2022-10-11,2022-04-29,165,500
Notarize,2022-10-31,2022-06-15,138,60
Nuri,2022-10-17,2022-05-25,145,NULL
Nuro,2022-11-18,2022-07-13,128,300
Oda,2022-11-01,2022-11-01,0,70
Oda,2022-11-01,2022-11-01,0,70
Okta,2023-02-02,2022-08-26,160,300
Ola,2022-07-29,2020-05-20,800,1000
Ola,2022-09-19,2022-07-29,52,200
Ola,2023-01-13,2022-09-19,116,200
"On Deck",2022-08-04,2022-05-05,91,73
OneFootball,2023-02-23,2022-12-09,76,150
OneTrust,2022-06-09,2020-04-09,791,950
Opendoor,2022-11-02,2020-04-15,931,550
Orchard,2022-11-17,2022-06-23,147,180
Ouster,2022-09-20,2020-09-08,742,NULL
Outreach,2023-02-27,2022-08-02,209,70
Outschool,2022-12-10,2022-07-05,158,43
Outside,2022-11-15,2022-05-20,179,NULL
OYO,2020-05-01,2020-04-25,6,150
OYO,2020-12-08,2020-05-01,221,600
OYO,2022-12-03,2020-12-08,725,600
Patreon,2021-04-26,2020-04-21,370,36
Patreon,2022-09-09,2021-04-26,501,5
Patreon,2022-09-13,2022-09-09,4,80
PayPal,2023-01-31,2022-05-23,253,2000
"Pear Therapeutics",2022-11-14,2022-07-25,112,59
"Pear Therapeutics",2022-11-16,2022-11-14,2,59
PeerStreet,2022-05-25,2020-03-30,786,75
Peloton,2022-08-12,2022-02-08,185,784
Peloton,2022-10-06,2022-08-12,55,500
Philips,2023-01-30,2022-10-24,98,6000
Pipedrive,2022-11-14,2020-05-05,923,143
Playtika,2022-12-09,2022-05-31,192,600
Pollen,2022-05-10,2020-05-19,721,200
Pollen,2022-08-10,2022-05-10,92,NULL
Propzy,2022-09-13,2022-06-07,98,NULL
Puppet,2022-08-03,2020-03-26,860,NULL
Quantcast,2022-07-29,2020-04-08,842,40
QuintoAndar,2022-04-19,2020-04-17,732,160
"Rad Power Bikes",2022-07-21,2022-04-12,100,63
RealSelf,2022-07-21,2020-04-21,821,11
Redfin,2022-06-14,2020-04-07,798,470
Redfin,2022-11-09,2022-06-14,148,862
RenoRun,2022-10-27,2022-08-04,84,210
Ribbon,2022-11-14,2022-07-28,109,170
RingCentral,2022-11-09,2022-08-04,97,NULL
RingCentral,2023-01-17,2022-11-09,69,30
Ritual,2022-06-22,2020-04-02,811,23
Rivian,2022-07-27,2020-06-02,785,840
Rivian,2023-02-01,2022-07-27,189,NULL
Robinhood,2022-08-02,2022-04-26,98,713
"Rock Content",2023-01-12,2020-04-06,1011,NULL
"Root Insurance",2022-11-09,2022-01-20,293,137
Rubius,2022-11-03,2022-09-13,51,NULL
Rupeek,2022-09-07,2022-06-07,92,50
Salesforce,2022-10-13,2020-08-26,778,90
Salesforce,2022-11-07,2022-10-13,25,1000
Salesforce,2023-01-04,2022-11-07,58,8000
Salesloft,2023-02-07,2020-05-07,1006,100
Salsify,2022-11-16,2020-04-03,957,90
Sema4,2022-11-14,2022-08-15,91,500
Sendy,2022-08-02,2022-08-02,0,54
Service,2020-03-20,2020-03-16,4,NULL
ShareChat,2022-12-02,2020-05-20,926,100
ShareChat,2023-01-16,2022-12-02,45,500
Shopify,2022-07-06,2020-08-14,691,50
Shopify,2022-07-26,2022-07-06,20,1000
Shopify,2022-09-01,2022-07-26,37,70
Shutterfly,2023-01-25,2021-01-25,730,360
Skillz,2022-05-20,2020-04-14,766,70
Smava,2022-11-02,2022-08-31,63,100
Snapdocs,2022-11-03,2022-08-16,79,NULL
Snyk,2022-10-24,2022-06-30,116,198
Socure,2023-01-05,2022-06-17,202,104
Sonder,2022-06-08,2020-03-24,806,250
Sonder,2023-03-01,2022-06-08,266,100
SoundHound,2023-01-05,2022-11-10,56,200
Spin,2022-09-30,2022-01-08,265,78
Splunk,2023-02-01,2020-06-16,960,325
Sprinklr,2023-02-15,2022-06-22,238,100
Starry,2023-01-18,2022-10-20,90,100
"Stitch Fix",2022-06-09,2020-06-01,738,330
"Stitch Fix",2023-01-05,2022-06-09,210,NULL
StockX,2022-06-28,2020-04-23,796,80
StockX,2022-06-28,2022-06-28,0,120
StreamElements,2023-01-10,2022-06-23,201,40
Stripe,2022-11-03,2022-08-19,76,1000
Swiggy,2020-05-18,2020-04-21,27,1100
Swiggy,2020-07-27,2020-05-18,70,350
Swiggy,2022-12-08,2020-07-27,864,250
Swiggy,2023-01-20,2022-12-08,43,380
SWVL,2022-11-23,2022-05-30,177,NULL
Swyftx,2022-12-05,2022-08-17,110,90
TaskUs,2023-02-22,2022-06-21,246,186
TCR2,2023-01-05,2022-08-31,127,NULL
"The Predictive Index",2022-08-02,2020-04-02,852,40
"The RealReal",2023-02-16,2020-04-14,1038,230
"The Wing",2020-07-01,2020-04-03,89,56
"The Wing",2022-08-31,2020-07-01,791,NULL
"The Zebra",2022-11-15,2022-05-24,175,50
TheSkimm,2023-02-01,2020-05-01,1006,17
Thinkific,2023-01-10,2022-03-29,287,76
ThirdLove,2020-04-02,2020-03-27,6,65
"Thirty Madison",2022-08-18,2022-05-14,96,NULL
ThredUp,2022-08-15,2021-02-09,552,NULL
Thumbtack,2022-12-13,2020-03-30,988,160
"Tier Mobility",2023-01-25,2022-08-23,155,80
Trax,2022-06-20,2020-05-03,778,100
Trax,2022-11-22,2022-06-20,155,80
TripleLift,2023-02-10,2020-04-02,1044,100
Truepill,2022-08-11,2022-06-08,64,175
Twilio,2023-02-13,2022-09-14,152,1500
Twitter,2023-01-05,2022-11-04,62,40
Twitter,2023-02-25,2023-01-05,51,200
Uber,2020-05-18,2020-05-06,12,3000
Uber,2020-05-26,2020-05-18,8,600
Uber,2020-06-12,2020-05-26,17,225
Uber,2022-09-07,2020-06-12,817,60
Udaan,2022-11-04,2022-06-27,130,350
UiPath,2022-11-15,2022-06-27,141,241
Unacademy,2022-06-18,2022-04-07,72,150
Unacademy,2022-11-07,2022-06-18,142,350
Unico,2023-01-17,2022-10-24,85,110
Unity,2023-01-17,2022-06-29,202,284
Upstart,2023-01-31,2022-11-01,91,365
Vedantu,2022-05-18,2022-05-05,13,424
Vedantu,2022-08-02,2022-05-18,76,100
Vedantu,2022-12-07,2022-08-02,127,385
Vee,2022-10-25,2022-07-31,86,17
"Velodyne Lidar",2023-02-24,2020-04-03,1057,220
Veriff,2023-02-09,2020-05-04,1011,66
VideoAmp,2022-09-19,2020-04-08,894,NULL
Vimeo,2023-01-04,2022-07-18,170,NULL
Voi,2022-06-22,2020-04-02,811,35
Voi,2022-12-07,2022-06-22,168,130
Volta,2022-10-21,2022-09-28,23,NULL
"Vox Media",2023-01-20,2022-07-27,177,130
Vroom,2022-08-08,2022-05-09,91,337
Vroom,2023-01-18,2022-08-08,163,275
WanderJaunt,2022-07-01,2020-03-25,828,85
Wayfair,2023-01-20,2022-08-19,154,1750
WeWork,2020-04-29,2020-03-28,32,300
WeWork,2020-05-18,2020-04-29,19,100
WeWork,2020-06-19,2020-05-18,32,200
WeWork,2023-01-19,2020-06-19,944,300
Wheel,2023-02-01,2022-08-18,167,56
"WhiteHat Jr",2022-06-28,2021-01-06,538,300
WHOOP,2023-01-10,2022-07-21,173,NULL
Wish,2023-01-31,2022-03-01,336,150
Wix,2023-02-15,2022-08-09,190,370
Yelp,2020-07-13,2020-04-09,95,63
Zendesk,2022-11-07,2022-08-04,95,350
Zenius,2022-08-04,2022-05-24,72,NULL
"Zeus Living",2020-05-12,2020-03-24,49,73
"Zeus Living",2022-10-20,2020-05-12,891,64
Zilingo,2020-07-09,2020-04-17,83,100
Zillow,2022-10-26,2021-11-02,358,300
Zomato,2022-11-19,2020-05-15,918,100
Zoox,2020-04-13,2020-04-03,10,100
Zymergen,2021-09-23,2020-05-13,498,120
Zymergen,2022-07-25,2021-09-23,305,80
Zymergen,2022-08-26,2022-07-25,32,80
