company,industry,funds_raised_millions,total_laid_off,layoffs_per_million
Groupon,Retail,1400,2800,2.00
Carvana,Transportation,1600,2500,1.56
Katerra,Construction,1600,2434,1.52
Peloton,Fitness,1900,2800,1.47
Wayfair,Retail,1700,1750,1.03
"GoTo Group",Transportation,1300,1300,1.00
Carvana,Transportation,1600,1500,0.94
Instacart,Food,2400,1877,0.78
Swiggy,Food,1600,1100,0.69
Juul,Consumer,1500,900,0.60
Wayfair,Retail,1700,870,0.51
DoorDash,Food,2500,1250,0.50
Invitae,Healthcare,2000,1000,0.50
Swiggy,Food,1600,800,0.50
Reef,Transportation,1500,750,0.50
Cars24,Transportation,1300,600,0.46
Byju's,Education,5500,2500,0.45
Gopuff,Food,3400,1500,0.44
Stripe,Finance,2300,1000,0.43
Meta,Consumer,26000,11000,0.42
Gorillas,Food,1300,540,0.42
Peloton,Fitness,1900,784,0.41
Opendoor,"Real Estate",1500,600,0.40
"Magic Leap",Consumer,2600,1000,0.38
Cazoo,Transportation,2000,750,0.38
Ola,Transportation,3800,1400,0.37
Groupon,Retail,1400,500,0.36
Groupon,Retail,1400,500,0.36
WeDoctor,Healthcare,1400,500,0.36
Airbnb,Travel,5400,1900,0.35
Affirm,Finance,1500,500,0.33
Katerra,Construction,1300,400,0.31
Twitter,Consumer,12900,3700,0.29
Spotify,Media,2100,600,0.29
Opendoor,"Real Estate",1900,550,0.29
ShareChat,Consumer,1700,500,0.29
Compass,"Real Estate",1600,450,0.28
Byju's,Education,5500,1500,0.27
Flexport,Logistics,2400,640,0.27
Juul,Consumer,1500,400,0.27
Snap,Consumer,4900,1280,0.26
Peloton,Fitness,1900,500,0.26
Bytedance,Consumer,7400,1800,0.24
Deliveroo,Food,1500,367,0.24
Paytm,Finance,2200,500,0.23
Compass,"Real Estate",1600,375,0.23
Udaan,Retail,1500,350,0.23
Gorillas,Food,1300,300,0.23
Swiggy,Food,1600,350,0.22
OYO,Travel,2400,500,0.21
Deliveroo,Food,1700,350,0.21
Ola,Transportation,5000,1000,0.20
Lyft,Transportation,4900,982,0.20
Bytedance,Consumer,9400,1800,0.19
Klarna,Finance,3700,700,0.19
OYO,Travel,3200,600,0.19
Dropbox,Other,1700,315,0.19
AppLovin,Marketing,1600,300,0.19
Airtable,Product,1400,254,0.18
Bolt,Finance,1300,240,0.18
iFood,Food,2100,355,0.17
Compass,"Real Estate",1600,271,0.17
Lacework,Security,1900,300,0.16
Uber,Transportation,24700,3700,0.15
OYO,Travel,4000,600,0.15
OneWeb,Aerospace,3000,451,0.15
Lyft,Transportation,4900,700,0.14
"Just Eat Takeaway",Food,2800,390,0.14
Splunk,Data,2400,325,0.14
Nuro,Transportation,2100,300,0.14
Robinhood,Finance,5600,713,0.13
Gopuff,Food,3400,450,0.13
WeWork,"Real Estate",2250,300,0.13
Uber,Transportation,24700,3000,0.12
UiPath,Data,2000,241,0.12
Wish,Retail,1600,190,0.12
Udaan,Retail,1500,180,0.12
Swiggy,Food,3600,380,0.11
WeWork,"Real Estate",2250,250,0.11
UiPath,Data,2000,210,0.11
Pinterest,Consumer,1500,150,0.10
Sinch,Other,1500,150,0.10
Gojek,Transportation,4800,430,0.09
Britishvolt,Transportation,2400,206,0.09
"VerSe Innovation",Media,1700,150,0.09
Kavak,Transportation,1600,150,0.09
Wish,Retail,1600,150,0.09
Brex,Finance,1500,136,0.09
Rivian,Transportation,10700,840,0.08
NYDIG,Crypto,1400,110,0.08
"Argo AI",Transportation,3600,259,0.07
Swiggy,Food,3600,250,0.07
Verily,Healthcare,3500,250,0.07
Gopuff,Food,3400,250,0.07
Chime,Finance,2300,156,0.07
"Impossible Foods copy",Food,1900,140,0.07
"Deliveroo Australia",Food,1700,120,0.07
Robinhood,Finance,5600,340,0.06
"Uber Freight",Logistics,2700,150,0.06
OYO,Travel,2400,150,0.06
Checkout.com,Finance,1800,100,0.06
Getir,Food,1800,100,0.06
ShareChat,Consumer,1700,100,0.06
"Argo AI",Transportation,3600,173,0.05
Faire,Retail,1700,84,0.05
"Hippo Insurance",Finance,1300,70,0.05
"Oscar Health",Healthcare,1300,70,0.05
Grab,Transportation,9900,360,0.04
Sea,Retail,8600,350,0.04
"Delivery Hero",Food,8300,300,0.04
Waymo,Transportation,5500,209,0.04
JD.ID,Retail,5100,200,0.04
Ola,Transportation,5000,200,0.04
Ola,Transportation,5000,200,0.04
"Argo AI",Transportation,3600,150,0.04
SoFi,Finance,2500,112,0.04
Bolt,Finance,1300,50,0.04
Cruise,Transportation,5300,150,0.03
Klarna,Finance,3700,100,0.03
"Argo AI",Transportation,3600,100,0.03
Gopuff,Food,3400,100,0.03
Palantir,Data,3000,75,0.03
"Impossible Foods",Food,1900,50,0.03
PharmEasy,Healthcare,1600,40,0.03
Articulate,Education,1500,38,0.03
Uber,Transportation,24700,600,0.02
Twitter,Consumer,12900,200,0.02
Tencent,Consumer,12600,300,0.02
"Delivery Hero",Food,9900,156,0.02
Bytedance,Consumer,9400,150,0.02
HP,Hardware,4200,100,0.02
Grover,Retail,2300,40,0.02
Stripe,Finance,2300,50,0.02
Uber,Transportation,24700,225,0.01
WeWork,"Real Estate",22200,300,0.01
WeWork,"Real Estate",19500,100,0.01
WeWork,"Real Estate",19500,200,0.01
"Delivery Hero",Food,8300,100,0.01
Lyft,Transportation,4900,60,0.01
Rivian,Transportation,3100,40,0.01
Netflix,Media,121900,25,0.00
Netflix,Media,121900,30,0.00
Netflix,Media,121900,150,0.00
Netflix,Media,121900,300,0.00
Uber,Transportation,24700,60,0.00
Twitter,Consumer,12900,40,0.00
"TikTok India",Consumer,9400,40,0.00
Airbnb,Travel,6400,30,0.00
Nuro,Transportation,2100,7,0.00
